Call #,Vehicle,Stock #,Storage Lot,Account,Impound Date,Balance Due,Days Held,Total,VIN,towable
42276,2016 Hyundai Sonata Red,14938973,MAC TOWING REDMOND- RTTO 5040,PPI,6/22/2023 12:38,$426.58 ,0.5,$426.58 ,5NPE24AF2GH318743,yes
42272,1994 Ford Ranger Purple,14938083,MAC BELLEVUE- RTTO 10076,PPI,6/22/2023 11:25,$426.58 ,0.5,$426.58 ,1FTCR10A3RUD21196,yes
42268,2010 Forest River  Gray,14937757,MAC TOWING REDMOND- RTTO 5040,PVT ACCIDENT,6/22/2023 11:00,$702.14 ,0.5,$702.14 ,5NHUUS012BW043830,yes
42270,2015 Nissan 370Z Red,14938579,MAC BELLEVUE- RTTO 10076,BPD,6/22/2023 10:48,$315.99 ,0.5,$315.99 ,JN1AZ4EH7FM440432,yes
42271,2017 Mazda 3 Red,14938572,MAC BELLEVUE- RTTO 10076,BPD,6/22/2023 10:47,$315.99 ,0.5,$315.99 ,JM1BN1L36H1137004,yes
42264,1997 Toyota Corolla Gold,14936198,MAC RUDY WOODINVILLE- RTTO 5041,PPI,6/22/2023 8:35,$426.58 ,0.5,$426.58 ,1NXBA02E5VZ503338,yes
42240,1995 Saturn SL2 Green,14927423,MAC TOWING REDMOND- RTTO 5040,PPI,6/21/2023 11:27,$524.68 ,1.5,$524.68 ,1G8ZK5275SZ260282,yes
42210,2008 Chevrolet Cobalt Gray,14927117,MAC TOWING REDMOND- RTTO 5040,PPI,6/21/2023 10:29,$524.68 ,1.5,$524.68 ,1G1AL58F687159778,yes
42230,2017 Volkswagen Passat Gray,14925952,IBSEN BELLEVUE - RTTO 5051,PPI,6/21/2023 9:35,$524.68 ,1.5,$524.68 ,1VWAT7A31HC015515,yes
42214,2018 Hyundai Elantra Red,14919289,MAC BELLEVUE- RTTO 10076,BPD,6/20/2023 14:43,$424.99 ,2,$424.99 ,5NPD84LF9JH397858,yes
11504,2003 Nissan Sentra Gold,14916950,IBSEN REDMOND- RTTO 5364,MICROSOFT PPI,6/20/2023 12:05,$622.78 ,2.5,$622.78 ,3N1CB51D93L707274,yes
11503,2011 Ford Fiesta Blue,14916822,IBSEN BELLEVUE - RTTO 5051,PPI,6/20/2023 8:00,$622.78 ,2.5,$622.78 ,3FADP4EJ6BM149220,yes
42200,2001 Toyota 4Runner Gold,14916792,IBSEN BELLEVUE - RTTO 5051,PPI,6/20/2023 8:00,$622.78 ,2.5,$622.78 ,JT3HN86R610359464,yes
11501,2015 Honda Accord Gray,14912073,IBSEN BELLEVUE - RTTO 5051,IPD,6/20/2023 2:08,$601.15 ,2.5,$601.15 ,1HGCR2F76FA074420,yes
11498,2016 Toyota RAV4 Blue,14906393,IBSEN REDMOND- RTTO 5364,PPI,6/19/2023 13:33,$720.88 ,3.5,$720.88 ,JTMRFREV5GJ060018,yes
42141,2000 Nissan Altima White,14899036,MAC TOWING REDMOND- RTTO 5040,PPI,6/18/2023 18:33,$769.93 ,4,$769.93 ,1N4DL01A0YC121871,yes
42139,2009 Honda Fit Silver,14898399,MAC TOWING REDMOND- RTTO 5040,WSP (MAC REDMOND)- NO CC FEE,6/18/2023 16:27,$570.32 ,4,$570.32 ,JHMGE88449S008687,yes
42135,1998 Ford Mustang Red,14897218,MAC BELLEVUE- RTTO 10076,BPD,6/18/2023 11:25,$606.65 ,4.5,$606.65 ,1FAFP404XWF184990,yes
42099,2007 Chevrolet TrailBlazer Gray,14881245,MAC TOWING REDMOND- RTTO 5040,PPI,6/17/2023 22:15,$962.42 ,5,$962.42 ,1GNET13M672293121,yes
42102,2014 Honda Accord Silver,14880293,MAC TOWING REDMOND- RTTO 5040,PVT ACCIDENT,6/16/2023 15:43,"$1,368.25 ",6,"$1,368.25 ",1HGCR2F36EA028971,yes
42086,2001 Honda Odyssey Green,14877350,MAC BELLEVUE- RTTO 10076,PPI,6/16/2023 12:10,"$1,015.18 ",6.5,"$1,015.18 ",2HKRL18681H535921,yes
42050,2002 Nissan Frontier Blue,14866589,MAC BELLEVUE- RTTO 10076,PPI,6/15/2023 11:20,"$1,113.28 ",7.5,"$1,113.28 ",1N6ED27T22C338424,yes
42012,1999 Ford Ranger Black,14855974,MAC BELLEVUE- RTTO 10076,PPI,6/14/2023 12:25,"$1,211.38 ",8.5,"$1,211.38 ",1FTYR14V6XTA66338,yes
11462,2005 Nissan Pathfinder Black,14858098,IBSEN BELLEVUE - RTTO 5051,PPI,6/14/2023 8:00,"$1,211.38 ",8.5,"$1,211.38 ",5N1AR18W85C704750,yes
42002,2007 Honda Odyssey Tan,14854170,MAC TOWING REDMOND- RTTO 5040,KCSO,6/13/2023 21:46,"$1,003.56 ",9,"$1,003.56 ",5FNRL38697B083853,yes
41989,2005 Honda Pilot White,14847859,MAC BELLEVUE- RTTO 10076,PPI,6/13/2023 15:51,"$1,260.42 ",9,"$1,260.42 ",5FNYF18455B038976,yes
41987,1977 Ford PU Red,14847557,MAC RUDY WOODINVILLE- RTTO 5041,PPI,6/13/2023 15:33,"$1,260.42 ",9,"$1,260.42 ",F15SRX82211,yes
41986,2000 Mercedes-Benz E320 Black,14847537,MAC RUDY WOODINVILLE- RTTO 5041,PPI,6/13/2023 15:32,"$1,260.42 ",9,"$1,260.42 ",WDBJF65G8YA958352,yes
41990,2010 Chevrolet Avalanche,14848013,MAC TOWING REDMOND- RTTO 5040,KPD,6/13/2023 15:17,"$1,354.81 ",9,"$1,354.81 ",3GNVKEE01AG289450,yes
41977,2006 Nissan Murano Gray,14846045,MAC TOWING REDMOND- RTTO 5040,PPI,6/13/2023 13:36,"$1,309.47 ",9.5,"$1,309.47 ",JN8AZ08W76W533508,yes
41873,2000 Mercedes-Benz E320 Silver,14808428,MAC TOWING REDMOND- RTTO 5040,PPI,6/13/2023 12:51,"$1,309.47 ",9.5,"$1,309.47 ",WDBJF65J5YB029676,yes
41874,1986 BMW 325 Black,14808429,MAC TOWING REDMOND- RTTO 5040,PPI,6/13/2023 12:46,"$1,309.47 ",9.5,"$1,309.47 ",WBAAB5404G9682471,yes
41872,2005 Ford Econoline White,14808404,MAC TOWING REDMOND- RTTO 5040,PPI,6/13/2023 12:46,"$1,309.47 ",9.5,"$1,309.47 ",1FTNE24LX5HA26265,yes
41922,2001 Subaru Legacy Green,14833656,MAC RUDY WOODINVILLE- RTTO 5041,PPI,6/12/2023 12:53,"$1,407.57 ",10.5,"$1,407.57 ",4S3BH635117306029,yes
41924,2006 Chrysler 300 Black,14834068,MAC BELLEVUE- RTTO 10076,PPI,6/12/2023 12:52,"$1,407.57 ",10.5,"$1,407.57 ",2C3KA53G66H167581,yes
41915,2009 Pontiac Vibe Gray,14829055,MAC BELLEVUE- RTTO 10076,IPD,6/12/2023 0:48,"$1,148.89 ",11,"$1,148.89 ",5Y2SP67019Z415687,yes
11428,2022 Ram 1500,14823518,IBSEN REDMOND- RTTO 5364,KCSO,6/11/2023 8:32,"$1,744.53 ",11.5,"$1,744.53 ",3C6JR6DG5NG428127,yes
11414,1995 Jeep Grand Cherokee White,14816053,IBSEN REDMOND- RTTO 5364,RPD,6/10/2023 10:26,"$1,187.98 ",12.5,"$1,187.98 ",1J4GZ78S3SC520451,yes
41887,2005 Honda Civic White,14814991,MAC BELLEVUE- RTTO 10076,BPD,6/10/2023 8:30,"$1,397.72 ",12.5,"$1,397.72 ",JHMES96685S018188,yes
41855,2012 Nissan Altima White,14804528,MAC BELLEVUE- RTTO 10076,PPI,6/9/2023 11:13,"$1,701.87 ",13.5,"$1,701.87 ",1N4AL2EP8CC261818,yes
11401,2006 Mazda 3 Silver,14799311,IBSEN BELLEVUE - RTTO 5051,WSP (IBSEN BELLEVUE)- NO CC FEE,6/8/2023 19:48,"$1,366.89 ",14,"$1,366.89 ",JM1BK12F661546346,yes
41818,2014 Chevrolet Cruze Red,14795747,IBSEN BELLEVUE - RTTO 5051,PPI,6/8/2023 13:19,"$1,799.97 ",14.5,"$1,799.97 ",1G1PC5SB4E7287027,yes
41819,1997 Ford Ranger Red,14795758,MAC BELLEVUE- RTTO 10076,PPI,6/8/2023 13:00,"$1,799.97 ",14.5,"$1,799.97 ",1FTCR10A2VUA91998,yes
41796,1993 Chevrolet S-10,14790698,MAC RUDY WOODINVILLE- RTTO 5041,BOTHELL PD,6/8/2023 2:24,"$1,333.31 ",14.5,"$1,333.31 ",1GCCS19R2P0143945,yes
11396,2003 Honda Civic Blue,14789876,IBSEN REDMOND- RTTO 5364,PPI,6/7/2023 23:59,"$1,849.02 ",15,"$1,849.02 ",1HGEM21943L083830,yes
11392,2005 International DuraStar 4200,14786661,MAC TOWING REDMOND- RTTO 5040,PVT ACCIDENT,6/7/2023 19:46,$968.88 ,15,"$7,841.62 ",1HTMPAFL55H158091,yes
11390,1999 Honda CR-V Green,14784536,MAC TOWING REDMOND- RTTO 5040,RPD,6/7/2023 12:34,"$1,405.98 ",15.5,"$1,405.98 ",JHLRD1842XC030752,yes
41765,2013 Kia Soul Red,14783900,MAC TOWING REDMOND- RTTO 5040,PPI,6/7/2023 12:27,"$1,898.07 ",15.5,"$1,898.07 ",KNDJT2A57D7632783,yes
41773,1992 Honda Accord Gold,14783560,MAC TOWING REDMOND- RTTO 5040,PPI,6/7/2023 11:08,"$1,898.07 ",15.5,"$1,898.07 ",1HGCB757XNA027845,yes
41744,2004 Hyundai Santa Fe Tan,14775996,MAC TOWING REDMOND- RTTO 5040,PPI,6/6/2023 16:43,"$1,947.12 ",16,"$1,947.12 ",KM8SC73D24U851637,yes
11384,1999 Volvo S70 Black,14776041,IBSEN BELLEVUE - RTTO 5051,PPI,6/6/2023 16:37,"$1,947.12 ",16,"$1,947.12 ",YV1LS5535W2474413,yes
41742,1996 Plymouth Voyager,14775421,MAC TOWING REDMOND- RTTO 5040,PPI,6/6/2023 15:30,"$1,947.12 ",16,"$1,947.12 ",2P4GP45R0TR523047,yes
41736,1997 Ford F-150 White,14774283,MAC TOWING REDMOND- RTTO 5040,PPI,6/6/2023 13:37,"$1,996.17 ",16.5,"$1,996.17 ",1FTEF17W3VKD55437,yes
11374,2002 Chevrolet Tahoe Tan,14760800,IBSEN BELLEVUE - RTTO 5051,IPD,6/5/2023 10:15,"$1,621.22 ",17.5,"$1,621.22 ",1GNEK13Z62R255144,yes
41647,2007 Mitsubishi Outlander Silver,14743216,MAC TOWING REDMOND- RTTO 5040,PPI,6/3/2023 17:16,"$2,241.42 ",19,"$2,241.42 ",JA4MS31X97Z015234,yes
41654,2005 Chevrolet Silverado Green,14744474,MAC RUDY WOODINVILLE- RTTO 5041,KCSO,6/3/2023 14:45,"$1,870.05 ",19,"$1,870.05 ",2GCEC13T751180842,yes
41645,2004 Jeep Grand Cherokee Silver,14741321,MAC BELLEVUE- RTTO 10076,BPD,6/3/2023 6:17,"$2,116.12 ",19.5,"$2,116.12 ",1J4GW58N74C408956,yes
11345,2002 Dodge Neon White,14737647,IBSEN BELLEVUE - RTTO 5051,IPD,6/2/2023 20:59,"$1,872.80 ",20,"$1,872.80 ",1B3ES26C22D582581,yes
41626,1989 Dodge Ram 50 Pickup Red,14734223,MAC TOWING REDMOND- RTTO 5040,PPI,6/2/2023 15:10,"$2,339.51 ",20,"$2,339.51 ",JB7FM24E2KP037318,yes
41583,2000 Nissan Maxima Blue,14721623,MAC TOWING REDMOND- RTTO 5040,PPI,6/1/2023 13:05,"$2,486.66 ",21.5,"$2,486.66 ",JN1CA31D4YT510751,yes
41551,2003 BMW 325 Silver,14709931,MAC RUDY WOODINVILLE- RTTO 5041,PPI,5/31/2023 12:11,"$2,584.76 ",22.5,"$2,584.76 ",WBAEP33443PF02880,yes
41526,1988 Honda Civic Red,14700931,MAC RUDY WOODINVILLE- RTTO 5041,PPI,5/30/2023 13:37,"$2,682.86 ",23.5,"$2,682.86 ",JHMED6349JS000336,yes
41485,1998 BMW 528 Silver,14686352,MAC RUDY WOODINVILLE- RTTO 5041,BOTHELL PD,5/29/2023 6:00,"$2,129.88 ",24.5,"$2,129.88 ",WBADD6327WBW35734,yes
11304,2002 Jeep Grand Cherokee Gray,14668748,IBSEN BELLEVUE - RTTO 5051,WSP (IBSEN BELLEVUE)- NO CC FEE,5/27/2023 2:12,"$2,275.22 ",26.5,"$2,275.22 ",1J8GW68JX2C159440,yes
41446,2002 Buick LeSabre Gold,14668444,MAC BELLEVUE- RTTO 10076,WSP (MAC BELLEVUE)- NO CC FEE,5/27/2023 1:43,"$2,381.46 ",27,"$2,381.46 ",1G4HR54K32U184553,yes
41444,2015 Subaru Legacy Blue,14668247,MAC BELLEVUE- RTTO 10076,IPD,5/27/2023 1:15,"$2,381.46 ",27,"$2,381.46 ",4S3BNAL68F3043332,yes
40907,1974 ALLE M-25,14509259,MAC KIRKLAND- RTTO 5040,PPI,5/15/2023 17:53,"$7,833.06 ",38,"$7,833.06 ",CPZ373V321990,yes
10945,2007 Ford F-150 Gray,14164116,IBSEN BELLEVUE - RTTO 5051,PPI,4/7/2023 20:38,"$7,927.45 ",76,"$7,927.45 ",1FTPW14V17KC69101,yes
39330,1978 CALK Trailer Orange,13996733,MAC TOWING REDMOND- RTTO 5040,IPD,3/22/2023 11:45,"$7,211.00 ",92.5,"$7,211.00 ",,yes
